"game_id","season","season_type","home_team_name","away_team_name"
"401265784",2021,1,"Atlanta","Orlando"
"401265785",2021,1,"Detroit","New York"
"401265786",2021,1,"Chicago","Houston"
"401265787",2021,1,"Los Angeles","LA"
"401265788",2021,1,"Portland","Sacramento"
"401265789",2021,1,"Charlotte","Toronto"
"401265790",2021,1,"Cleveland","Indiana"
"401265791",2021,1,"San Antonio","Oklahoma City"
"401265792",2021,1,"Milwaukee","Dallas"
"401265833",2021,1,"Minnesota","Memphis"
"401265834",2021,1,"Golden State","Denver"
"401265835",2021,1,"Utah","Phoenix"
"401265836",2021,1,"Atlanta","Orlando"
"401265837",2021,1,"Brooklyn","Washington"
"401265838",2021,1,"Detroit","New York"
"401265839",2021,1,"Chicago","Houston"
"401265840",2021,1,"Portland","Sacramento"
"401265841",2021,1,"Los Angeles","LA"
"401265842",2021,1,"Cleveland","Indiana"
"401265843",2021,1,"Charlotte","Toronto"
"401265844",2021,1,"Miami","New Orleans"
"401265845",2021,1,"Milwaukee","Dallas"
"401265846",2021,1,"Minnesota","Memphis"
"401265847",2021,1,"Utah","Phoenix"
"401265848",2021,1,"Philadelphia","Boston"
"401265849",2021,1,"Houston","San Antonio"
"401265850",2021,1,"Sacramento","Golden State"
"401265851",2021,1,"New York","Cleveland"
"401265852",2021,1,"Oklahoma City","Chicago"
"401265853",2021,1,"Denver","Portland"
"401265854",2021,1,"Phoenix","Los Angeles"
"401265855",2021,1,"Orlando","Charlotte"
"401265856",2021,1,"Washington","Detroit"
"401265857",2021,1,"Houston","San Antonio"
"401265858",2021,1,"Memphis","Atlanta"
"401265859",2021,1,"Dallas","Minnesota"
"401265860",2021,1,"LA","Utah"
"401265861",2021,1,"Sacramento","Golden State"
"401265862",2021,1,"Indiana","Philadelphia"
"401265863",2021,1,"Toronto","Miami"
"401265864",2021,1,"Boston","Brooklyn"
"401265865",2021,1,"New York","Cleveland"
"401265866",2021,1,"New Orleans","Milwaukee"
"401265867",2021,1,"Oklahoma City","Chicago"
"401265868",2021,1,"Denver","Portland"
"401265869",2021,1,"Phoenix","Los Angeles"
"401265870",2021,1,"Orlando","Charlotte"
"401265871",2021,1,"Washington","Detroit"
"401265872",2021,1,"Memphis","Atlanta"
"401266794",2021,2,"Miami","New Orleans"
"401266795",2021,2,"Denver","LA"
"401266796",2021,2,"Phoenix","Dallas"
"401266797",2021,2,"Milwaukee","Golden State"
"401266798",2021,2,"Boston","Brooklyn"
"401266799",2021,2,"Los Angeles","Dallas"
"401266804",2021,2,"Boston","Milwaukee"
"401266805",2021,2,"Brooklyn","Golden State"
"401266806",2021,2,"Los Angeles","LA"
"401267150",2021,2,"Cleveland","Charlotte"
"401267151",2021,2,"Indiana","New York"
"401267152",2021,2,"Orlando","Miami"
"401267173",2021,2,"Philadelphia","Washington"
"401267174",2021,2,"Toronto","New Orleans"
"401267175",2021,2,"Chicago","Atlanta"
"401267177",2021,2,"Memphis","San Antonio"
"401267178",2021,2,"Minnesota","Detroit"
"401267179",2021,2,"Denver","Sacramento"
"401267180",2021,2,"Portland","Utah"
"401267181",2021,2,"Memphis","Atlanta"
"401267182",2021,2,"Charlotte","Oklahoma City"
"401267183",2021,2,"Detroit","Cleveland"
"401267184",2021,2,"Washington","Orlando"
"401267185",2021,2,"New York","Philadelphia"
"401267186",2021,2,"Chicago","Indiana"
"401267187",2021,2,"San Antonio","Toronto"
"401267188",2021,2,"Utah","Minnesota"
"401267189",2021,2,"Portland","Houston"
"401267190",2021,2,"Sacramento","Phoenix"
"401267191",2021,2,"LA","Dallas"
"401267192",2021,2,"Charlotte","Brooklyn"
"401267193",2021,2,"Washington","Orlando"
"401267194",2021,2,"New Orleans","San Antonio"
"401267195",2021,2,"Cleveland","Philadelphia"
"401267196",2021,2,"New York","Milwaukee"
"401267197",2021,2,"Indiana","Boston"
"401267198",2021,2,"Chicago","Golden State"
"401267199",2021,2,"Sacramento","Phoenix"
"401267200",2021,2,"Los Angeles","Minnesota"
"401267201",2021,2,"Atlanta","Detroit"
"401267202",2021,2,"Brooklyn","Memphis"
"401267203",2021,2,"Oklahoma City","Utah"
"401267204",2021,2,"Denver","Houston"
"401267205",2021,2,"Los Angeles","Portland"
"401267206",2021,2,"Cleveland","New York"
"401267207",2021,2,"Detroit","Golden State"
"401267208",2021,2,"Indiana","Boston"
"401267209",2021,2,"Philadelphia","Toronto"
"401267210",2021,2,"Washington","Chicago"
"401267211",2021,2,"Miami","Milwaukee"
"401267212",2021,2,"Oklahoma City","Orlando"
"401267213",2021,2,"Phoenix","New Orleans"
"401267214",2021,2,"LA","Minnesota"
"401267215",2021,2,"Sacramento","Denver"
"401267216",2021,2,"Boston","Memphis"
"401267217",2021,2,"Brooklyn","Atlanta"
"401267218",2021,2,"Miami","Milwaukee"
"401267219",2021,2,"Dallas","Charlotte"
"401267220",2021,2,"San Antonio","Los Angeles"
"401267221",2021,2,"LA","Portland"
"401267222",2021,2,"Indiana","Cleveland"
"401267223",2021,2,"Washington","Chicago"
"401267224",2021,2,"Orlando","Philadelphia"
"401267225",2021,2,"Houston","Sacramento"
"401267226",2021,2,"Toronto","New York"
"401267227",2021,2,"Oklahoma City","New Orleans"
"401267228",2021,2,"Utah","Phoenix"
"401267229",2021,2,"Charlotte","Memphis"
"401267230",2021,2,"Detroit","Boston"
"401267231",2021,2,"Dallas","Miami"
"401267232",2021,2,"Brooklyn","Atlanta"
"401267233",2021,2,"Milwaukee","Chicago"
"401267234",2021,2,"Minnesota","Washington"
"401267235",2021,2,"San Antonio","Los Angeles"
"401267236",2021,2,"Denver","Phoenix"
"401267237",2021,2,"Utah","LA"
"401267238",2021,2,"Golden State","Portland"
"401267239",2021,2,"Houston","Sacramento"
"401267240",2021,2,"Indiana","New York"
"401267241",2021,2,"Orlando","Oklahoma City"
"401267242",2021,2,"Philadelphia","Charlotte"
"401267243",2021,2,"Atlanta","Cleveland"
"401267244",2021,2,"New Orleans","Toronto"
"401267245",2021,2,"Detroit","Boston"
"401267246",2021,2,"Brooklyn","Washington"
"401267247",2021,2,"Memphis","Los Angeles"
"401267248",2021,2,"Minnesota","Denver"
"401267249",2021,2,"San Antonio","Utah"
"401267250",2021,2,"Chicago","Dallas"
"401267251",2021,2,"Phoenix","LA"
"401267252",2021,2,"Golden State","Portland"
"401267253",2021,2,"Orlando","Cleveland"
"401267254",2021,2,"Philadelphia","Charlotte"
"401267255",2021,2,"Atlanta","New York"
"401267256",2021,2,"Miami","Oklahoma City"
"401267257",2021,2,"Toronto","Boston"
"401267258",2021,2,"Houston","Dallas"
"401267259",2021,2,"Milwaukee","Detroit"
"401267260",2021,2,"New Orleans","Indiana"
"401267261",2021,2,"Golden State","Sacramento"
"401267262",2021,2,"Brooklyn","Utah"
"401267263",2021,2,"Memphis","Los Angeles"
"401267264",2021,2,"Denver","Minnesota"
"401267265",2021,2,"LA","San Antonio"
"401267266",2021,2,"Portland","Chicago"
"401267267",2021,2,"Indiana","Houston"
"401267268",2021,2,"Orlando","Cleveland"
"401267269",2021,2,"Philadelphia","Washington"
"401267270",2021,2,"Atlanta","Charlotte"
"401267271",2021,2,"Miami","Boston"
"401267272",2021,2,"New York","Utah"
"401267273",2021,2,"Milwaukee","Detroit"
"401267274",2021,2,"New Orleans","Oklahoma City"
"401267275",2021,2,"Phoenix","Toronto"
"401267276",2021,2,"Golden State","LA"
"401267277",2021,2,"Sacramento","Chicago"
"401267278",2021,2,"Brooklyn","Philadelphia"
"401267279",2021,2,"Memphis","Cleveland"
"401267280",2021,2,"Denver","Dallas"
"401267281",2021,2,"Los Angeles","San Antonio"
"401267282",2021,2,"Portland","Minnesota"
"401267283",2021,2,"Detroit","Phoenix"
"401267284",2021,2,"Boston","Washington"
"401267285",2021,2,"New York","Oklahoma City"
"401267286",2021,2,"New Orleans","Charlotte"
"401267287",2021,2,"Houston","Orlando"
"401267288",2021,2,"Memphis","Brooklyn"
"401267289",2021,2,"Milwaukee","Utah"
"401267290",2021,2,"Golden State","LA"
"401267291",2021,2,"Los Angeles","Chicago"
"401267292",2021,2,"Sacramento","Toronto"
"401267293",2021,2,"Philadelphia","Denver"
"401267294",2021,2,"Charlotte","Atlanta"
"401267295",2021,2,"Indiana","Phoenix"
"401267296",2021,2,"Washington","Miami"
"401267297",2021,2,"Milwaukee","Cleveland"
"401267298",2021,2,"Minnesota","San Antonio"
"401267299",2021,2,"Dallas","Orlando"
"401267300",2021,2,"Sacramento","Portland"
"401267301",2021,2,"Detroit","Utah"
"401267302",2021,2,"LA","Chicago"
"401267303",2021,2,"Brooklyn","Oklahoma City"
"401267304",2021,2,"New York","Denver"
"401267306",2021,2,"Houston","Los Angeles"
"401267307",2021,2,"Minnesota","San Antonio"
"401267308",2021,2,"Golden State","Toronto"
"401267309",2021,2,"Charlotte","New York"
"401267310",2021,2,"Cleveland","Memphis"
"401267311",2021,2,"Orlando","Milwaukee"
"401267312",2021,2,"Washington","Phoenix"
"401267313",2021,2,"Atlanta","Philadelphia"
"401267315",2021,2,"Portland","Toronto"
"401267316",2021,2,"Sacramento","Indiana"
"401267317",2021,2,"Philadelphia","Miami"
"401267318",2021,2,"Brooklyn","Denver"
"401267319",2021,2,"Cleveland","Utah"
"401267321",2021,2,"Houston","Los Angeles"
"401267322",2021,2,"Oklahoma City","San Antonio"
"401267323",2021,2,"Golden State","Indiana"
"401267324",2021,2,"Charlotte","Dallas"
"401267325",2021,2,"Detroit","Milwaukee"
"401267328",2021,2,"New York","Brooklyn"
"401267329",2021,2,"Minnesota","Memphis"
"401267330",2021,2,"Oklahoma City","Los Angeles"
"401267332",2021,2,"LA","New Orleans"
"401267333",2021,2,"Sacramento","Portland"
"401267334",2021,2,"Philadelphia","Miami"
"401267335",2021,2,"Toronto","Charlotte"
"401267336",2021,2,"San Antonio","Houston"
"401267337",2021,2,"Denver","Golden State"
"401267338",2021,2,"Portland","Indiana"
"401267340",2021,2,"Boston","Orlando"
"401267341",2021,2,"Cleveland","New York"
"401267342",2021,2,"Milwaukee","Dallas"
"401267344",2021,2,"Oklahoma City","Chicago"
"401267346",2021,2,"Utah","Atlanta"
"401267347",2021,2,"Los Angeles","New Orleans"
"401267348",2021,2,"Sacramento","LA"
"401267349",2021,2,"San Antonio","Houston"
"401267350",2021,2,"Brooklyn","Orlando"
"401267351",2021,2,"Toronto","Charlotte"
"401267352",2021,2,"Miami","Detroit"
"401267353",2021,2,"Memphis","Philadelphia"
"401267355",2021,2,"Portland","Atlanta"
"401267356",2021,2,"Boston","New York"
"401267358",2021,2,"Dallas","Chicago"
"401267360",2021,2,"Denver","Utah"
"401267361",2021,2,"Sacramento","New Orleans"
"401267362",2021,2,"LA","Indiana"
"401267363",2021,2,"New York","Orlando"
"401267365",2021,2,"Atlanta","Minnesota"
"401267366",2021,2,"Miami","Detroit"
"401267367",2021,2,"Portland","San Antonio"
"401267368",2021,2,"Memphis","Phoenix"
"401267369",2021,2,"Brooklyn","Milwaukee"
"401267370",2021,2,"Toronto","Dallas"
"401267371",2021,2,"Chicago","Houston"
"401267372",2021,2,"Los Angeles","Golden State"
"401267373",2021,2,"Denver","Oklahoma City"
"401267374",2021,2,"Utah","New Orleans"
"401267376",2021,2,"Cleveland","Brooklyn"
"401267377",2021,2,"Indiana","Dallas"
"401267378",2021,2,"Philadelphia","Boston"
"401267379",2021,2,"Atlanta","Detroit"
"401267380",2021,2,"Toronto","Miami"
"401267381",2021,2,"Minnesota","Orlando"
"401267382",2021,2,"Houston","Phoenix"
"401267383",2021,2,"Golden State","San Antonio"
"401267384",2021,2,"LA","Sacramento"
"401267386",2021,2,"Milwaukee","Los Angeles"
"401267387",2021,2,"Utah","New Orleans"
"401267388",2021,2,"Golden State","New York"
"401267389",2021,2,"Charlotte","Chicago"
"401267390",2021,2,"Detroit","Houston"
"401267391",2021,2,"Indiana","Orlando"
"401267392",2021,2,"Cleveland","Brooklyn"
"401267393",2021,2,"Philadelphia","Boston"
"401267394",2021,2,"Toronto","Miami"
"401267396",2021,2,"Minnesota","Atlanta"
"401267397",2021,2,"San Antonio","Dallas"
"401267398",2021,2,"Phoenix","Denver"
"401267399",2021,2,"LA","Oklahoma City"
"401267401",2021,2,"Sacramento","New York"
"401267402",2021,2,"Utah","Golden State"
"401267403",2021,2,"Detroit","Philadelphia"
"401267404",2021,2,"Brooklyn","Miami"
"401267405",2021,2,"Chicago","Los Angeles"
"401267406",2021,2,"Minnesota","New Orleans"
"401267407",2021,2,"Dallas","Houston"
"401267408",2021,2,"Phoenix","Denver"
"401267409",2021,2,"Indiana","Toronto"
"401267410",2021,2,"Boston","Cleveland"
"401267411",2021,2,"LA","Oklahoma City"
"401267412",2021,2,"Orlando","Charlotte"
"401267413",2021,2,"San Antonio","Washington"
"401267414",2021,2,"Milwaukee","Atlanta"
"401267416",2021,2,"Portland","New York"
"401267417",2021,2,"Detroit","Philadelphia"
"401267418",2021,2,"Indiana","Toronto"
"401267419",2021,2,"Orlando","Charlotte"
"401267420",2021,2,"Brooklyn","Miami"
"401267421",2021,2,"Cleveland","Los Angeles"
"401267422",2021,2,"Chicago","Boston"
"401267425",2021,2,"Dallas","Denver"
"401267426",2021,2,"Golden State","Minnesota"
"401267427",2021,2,"Portland","Oklahoma City"
"401267428",2021,2,"Atlanta","LA"
"401267429",2021,2,"Houston","Washington"
"401267430",2021,2,"Utah","New York"
"401267431",2021,2,"Charlotte","Indiana"
"401267432",2021,2,"Cleveland","Detroit"
"401267433",2021,2,"Orlando","Sacramento"
"401267434",2021,2,"Atlanta","Brooklyn"
"401267435",2021,2,"Miami","Denver"
"401267436",2021,2,"Philadelphia","Los Angeles"
"401267437",2021,2,"Toronto","Milwaukee"
"401267439",2021,2,"New Orleans","Washington"
"401267440",2021,2,"San Antonio","Boston"
"401267441",2021,2,"Phoenix","Oklahoma City"
"401267442",2021,2,"Utah","Dallas"
"401267443",2021,2,"Golden State","Minnesota"
"401267444",2021,2,"Detroit","Los Angeles"
"401267445",2021,2,"Miami","LA"
"401267446",2021,2,"Phoenix","Golden State"
"401267447",2021,2,"Houston","Portland"
"401267448",2021,2,"Charlotte","Indiana"
"401267449",2021,2,"Orlando","LA"
"401267450",2021,2,"Washington","Atlanta"
"401267451",2021,2,"New York","Cleveland"
"401267452",2021,2,"Toronto","Sacramento"
"401267453",2021,2,"New Orleans","Milwaukee"
"401267454",2021,2,"Minnesota","Philadelphia"
"401267455",2021,2,"Oklahoma City","Brooklyn"
"401267456",2021,2,"San Antonio","Denver"
"401267457",2021,2,"Utah","Dallas"
"401267458",2021,2,"Chicago","Portland"
"401267459",2021,2,"Charlotte","Milwaukee"
"401267460",2021,2,"New Orleans","Houston"
"401267461",2021,2,"Miami","Sacramento"
"401267462",2021,2,"Boston","Los Angeles"
"401267463",2021,2,"Dallas","Phoenix"
"401267464",2021,2,"San Antonio","Memphis"
"401267465",2021,2,"Golden State","Detroit"
"401267466",2021,2,"Denver","Utah"
"401267467",2021,2,"Indiana","Philadelphia"
"401267468",2021,2,"New York","LA"
"401267469",2021,2,"Toronto","Orlando"
"401267470",2021,2,"Washington","Brooklyn"
"401267471",2021,2,"Minnesota","Cleveland"
"401267472",2021,2,"Cleveland","Minnesota"
"401267473",2021,2,"Atlanta","Los Angeles"
"401267474",2021,2,"Miami","Charlotte"
"401267475",2021,2,"Chicago","New York"
"401267476",2021,2,"Milwaukee","Portland"
"401267477",2021,2,"New Orleans","Sacramento"
"401267478",2021,2,"Oklahoma City","Houston"
"401267479",2021,2,"Dallas","Phoenix"
"401267480",2021,2,"San Antonio","Memphis"
"401267482",2021,2,"Indiana","Memphis"
"401267483",2021,2,"Orlando","Toronto"
"401267484",2021,2,"Brooklyn","LA"
"401267485",2021,2,"Utah","Detroit"
"401267486",2021,2,"Golden State","Boston"
"401267487",2021,2,"Charlotte","Philadelphia"
"401267488",2021,2,"Cleveland","LA"
"401267489",2021,2,"Milwaukee","Indiana"
"401267490",2021,2,"Atlanta","Dallas"
"401267491",2021,2,"Miami","Washington"
"401267492",2021,2,"Chicago","New York"
"401267493",2021,2,"Oklahoma City","Houston"
"401267494",2021,2,"San Antonio","Minnesota"
"401267495",2021,2,"New Orleans","Phoenix"
"401267496",2021,2,"Sacramento","Boston"
"401267497",2021,2,"Philadelphia","Portland"
"401267498",2021,2,"Atlanta","Utah"
"401267499",2021,2,"Dallas","Golden State"
"401267500",2021,2,"Memphis","Houston"
"401267501",2021,2,"Los Angeles","Denver"
"401267502",2021,2,"Charlotte","Utah"
"401267503",2021,2,"Indiana","New Orleans"
"401267504",2021,2,"Orlando","Chicago"
"401267505",2021,2,"Brooklyn","Toronto"
"401267506",2021,2,"Cleveland","Milwaukee"
"401267507",2021,2,"Miami","Washington"
"401267508",2021,2,"Oklahoma City","Minnesota"
"401267509",2021,2,"Phoenix","Detroit"
"401267510",2021,2,"LA","Boston"
"401267511",2021,2,"New York","Portland"
"401267512",2021,2,"Sacramento","Denver"
"401267513",2021,2,"Orlando","Chicago"
"401267514",2021,2,"Philadelphia","Brooklyn"
"401267515",2021,2,"New Orleans","Memphis"
"401267516",2021,2,"Atlanta","Toronto"
"401267517",2021,2,"Cleveland","Milwaukee"
"401267518",2021,2,"Houston","San Antonio"
"401267519",2021,2,"Oklahoma City","Minnesota"
"401267520",2021,2,"Dallas","Golden State"
"401267521",2021,2,"Los Angeles","Detroit"
"401267523",2021,2,"Indiana","Utah"
"401267524",2021,2,"New York","Miami"
"401267525",2021,2,"Phoenix","Boston"
"401267526",2021,2,"LA","Sacramento"
"401267527",2021,2,"Charlotte","Houston"
"401267528",2021,2,"Chicago","Washington"
"401267529",2021,2,"Memphis","Toronto"
"401267530",2021,2,"Dallas","Minnesota"
"401267531",2021,2,"San Antonio","Golden State"
"401267532",2021,2,"Phoenix","Cleveland"
"401267533",2021,2,"Denver","Milwaukee"
"401267534",2021,2,"Los Angeles","Oklahoma City"
"401267535",2021,2,"Detroit","Brooklyn"
"401267536",2021,2,"Miami","New York"
"401267537",2021,2,"New Orleans","Houston"
"401267538",2021,2,"San Antonio","Golden State"
"401267539",2021,2,"Utah","Boston"
"401267540",2021,2,"Portland","Orlando"
"401267541",2021,2,"Sacramento","Philadelphia"
"401267542",2021,2,"Washington","Toronto"
"401267543",2021,2,"Brooklyn","Indiana"
"401267544",2021,2,"Dallas","Atlanta"
"401267545",2021,2,"Chicago","New Orleans"
"401267546",2021,2,"Memphis","Charlotte"
"401267547",2021,2,"Minnesota","LA"
"401267548",2021,2,"Denver","Cleveland"
"401267549",2021,2,"Phoenix","Milwaukee"
"401267550",2021,2,"Los Angeles","Oklahoma City"
"401267551",2021,2,"Detroit","Indiana"
"401267552",2021,2,"Houston","Miami"
"401267553",2021,2,"Golden State","Orlando"
"401267554",2021,2,"Portland","Philadelphia"
"401267555",2021,2,"Charlotte","Minnesota"
"401267556",2021,2,"Washington","New York"
"401267557",2021,2,"Atlanta","San Antonio"
"401267558",2021,2,"Boston","Toronto"
"401267559",2021,2,"Dallas","New Orleans"
"401267560",2021,2,"Chicago","LA"
"401267561",2021,2,"Denver","Oklahoma City"
"401267562",2021,2,"Utah","Milwaukee"
"401267563",2021,2,"Los Angeles","Memphis"
"401267564",2021,2,"Portland","Cleveland"
"401267565",2021,2,"Sacramento","Orlando"
"401267566",2021,2,"Phoenix","Philadelphia"
"401267567",2021,2,"Atlanta","Indiana"
"401267568",2021,2,"New York","Houston"
"401267569",2021,2,"Golden State","Brooklyn"
"401267570",2021,2,"Utah","Miami"
"401267571",2021,2,"Dallas","Portland"
"401267572",2021,2,"Boston","Detroit"
"401267573",2021,2,"Toronto","Minnesota"
"401267574",2021,2,"Charlotte","San Antonio"
"401267575",2021,2,"Oklahoma City","Milwaukee"
"401267576",2021,2,"Denver","Los Angeles"
"401267577",2021,2,"Phoenix","Orlando"
"401267578",2021,2,"Sacramento","Memphis"
"401267579",2021,2,"LA","Cleveland"
"401267580",2021,2,"Indiana","Chicago"
"401267581",2021,2,"Washington","Houston"
"401267582",2021,2,"New York","Atlanta"
"401267583",2021,2,"Utah","Philadelphia"
"401267584",2021,2,"Golden State","Cleveland"
"401267585",2021,2,"LA","Miami"
"401267586",2021,2,"Sacramento","Brooklyn"
"401267587",2021,2,"Boston","Denver"
"401267589",2021,2,"Memphis","New Orleans"
"401267590",2021,2,"Milwaukee","Toronto"
"401267591",2021,2,"Minnesota","Los Angeles"
"401267592",2021,2,"Oklahoma City","Portland"
"401267593",2021,2,"Phoenix","Brooklyn"
"401267596",2021,2,"Orlando","New York"
"401267597",2021,2,"Washington","Denver"
"401267598",2021,2,"Boston","Atlanta"
"401267599",2021,2,"Philadelphia","Houston"
"401267600",2021,2,"Minnesota","Indiana"
"401267601",2021,2,"New Orleans","Portland"
"401267603",2021,2,"Golden State","Miami"
"401267604",2021,2,"LA","Utah"
"401267605",2021,2,"Milwaukee","Toronto"
"401267606",2021,2,"Los Angeles","Brooklyn"
"401267607",2021,2,"Sacramento","Miami"
"401267609",2021,2,"Orlando","Golden State"
"401267610",2021,2,"Philadelphia","Chicago"
"401267611",2021,2,"Boston","Atlanta"
"401267612",2021,2,"Memphis","Detroit"
"401267613",2021,2,"Milwaukee","Oklahoma City"
"401267614",2021,2,"Minnesota","Toronto"
"401267615",2021,2,"New Orleans","Phoenix"
"401267617",2021,2,"LA","Utah"
"401267619",2021,2,"Charlotte","Golden State"
"401267620",2021,2,"Chicago","Sacramento"
"401267622",2021,2,"Memphis","Phoenix"
"401267623",2021,2,"Los Angeles","Miami"
"401267624",2021,2,"Portland","Washington"
"401267625",2021,2,"New Orleans","Boston"
"401267626",2021,2,"Cleveland","Oklahoma City"
"401267627",2021,2,"Orlando","Detroit"
"401267628",2021,2,"Toronto","Philadelphia"
"401267629",2021,2,"New York","Minnesota"
"401267630",2021,2,"Atlanta","Denver"
"401267631",2021,2,"Milwaukee","Sacramento"
"401267632",2021,2,"LA","Brooklyn"
"401267634",2021,2,"Houston","Chicago"
"401267635",2021,2,"Oklahoma City","Miami"
"401267636",2021,2,"Dallas","Memphis"
"401267637",2021,2,"Phoenix","Portland"
"401267638",2021,2,"Utah","Charlotte"
"401267639",2021,2,"Los Angeles","Washington"
"401267640",2021,2,"Cleveland","Atlanta"
"401267641",2021,2,"Orlando","Detroit"
"401267642",2021,2,"Brooklyn","Sacramento"
"401267643",2021,2,"New York","Golden State"
"401267644",2021,2,"Toronto","Philadelphia"
"401267645",2021,2,"Dallas","Boston"
"401267646",2021,2,"Milwaukee","Minnesota"
"401267647",2021,2,"Denver","Portland"
"401267648",2021,2,"LA","Washington"
"401267649",2021,2,"Indiana","Golden State"
"401267650",2021,2,"Atlanta","Boston"
"401267651",2021,2,"Cleveland","Houston"
"401267652",2021,2,"Miami","Toronto"
"401267653",2021,2,"Chicago","Minnesota"
"401267654",2021,2,"New Orleans","Detroit"
"401267655",2021,2,"Oklahoma City","San Antonio"
"401267656",2021,2,"Phoenix","Charlotte"
"401267657",2021,2,"Utah","Los Angeles"
"401267658",2021,2,"Philadelphia","Dallas"
"401267659",2021,2,"Brooklyn","Orlando"
"401267660",2021,2,"New York","Sacramento"
"401267661",2021,2,"Memphis","LA"
"401267662",2021,2,"Denver","Washington"
"401267663",2021,2,"Milwaukee","New Orleans"
"401267664",2021,2,"Detroit","Sacramento"
"401267665",2021,2,"Boston","Indiana"
"401267666",2021,2,"Toronto","Houston"
"401267667",2021,2,"Miami","Utah"
"401267668",2021,2,"Chicago","Phoenix"
"401267669",2021,2,"Memphis","LA"
"401267670",2021,2,"Oklahoma City","Atlanta"
"401267671",2021,2,"Golden State","Charlotte"
"401267672",2021,2,"Los Angeles","Portland"
"401267673",2021,2,"Philadelphia","Cleveland"
"401267674",2021,2,"San Antonio","New Orleans"
"401267675",2021,2,"New York","Indiana"
"401267676",2021,2,"Orlando","Utah"
"401267677",2021,2,"Washington","Minnesota"
"401267678",2021,2,"Oklahoma City","Denver"
"401267679",2021,2,"Brooklyn","Dallas"
"401267680",2021,2,"Milwaukee","LA"
"401267681",2021,2,"Detroit","New York"
"401267682",2021,2,"Miami","Atlanta"
"401267684",2021,2,"Boston","Washington"
"401267685",2021,2,"Houston","Memphis"
"401267686",2021,2,"Minnesota","Phoenix"
"401267687",2021,2,"Los Angeles","Golden State"
"401267688",2021,2,"Sacramento","Charlotte"
"401267689",2021,2,"Orlando","Dallas"
"401267690",2021,2,"Philadelphia","Indiana"
"401267691",2021,2,"Chicago","Denver"
"401267692",2021,2,"Houston","Cleveland"
"401267693",2021,2,"New Orleans","Utah"
"401267694",2021,2,"San Antonio","Brooklyn"
"401267695",2021,2,"Portland","Charlotte"
"401267696",2021,2,"Washington","Memphis"
"401267697",2021,2,"Boston","LA"
"401267698",2021,2,"Miami","Atlanta"
"401267700",2021,2,"Milwaukee","Denver"
"401267701",2021,2,"San Antonio","New York"
"401267702",2021,2,"Los Angeles","Phoenix"
"401267703",2021,2,"Cleveland","Indiana"
"401267704",2021,2,"Orlando","Atlanta"
"401267705",2021,2,"Philadelphia","Utah"
"401267706",2021,2,"Houston","Brooklyn"
"401267707",2021,2,"Minnesota","Charlotte"
"401267708",2021,2,"New Orleans","Chicago"
"401267709",2021,2,"Dallas","Oklahoma City"
"401267710",2021,2,"Portland","Golden State"
"401267711",2021,2,"Sacramento","Los Angeles"
"401267712",2021,2,"Boston","Toronto"
"401267713",2021,2,"Indiana","Denver"
"401267714",2021,2,"Washington","LA"
"401267715",2021,2,"Memphis","Milwaukee"
"401267716",2021,2,"San Antonio","Oklahoma City"
"401267717",2021,2,"New Orleans","Miami"
"401267718",2021,2,"Portland","Sacramento"
"401282283",2021,2,"Washington","Portland"
"401282286",2021,2,"Charlotte","Washington"
"401282752",2021,2,"Washington","Boston"
"401282833",2021,2,"Detroit","New Orleans"
"401283399",2021,2,"Memphis","Oklahoma City"
"401283400",2021,2,"Phoenix","Golden State"
"401297409",2021,2,"Cleveland","Denver"
"401299015",2021,2,"Chicago","Detroit"
"401302775",2021,2,"New York","Detroit"
"401306581",2021,2,"Team Durant","Team LeBron"
"401307309",2021,2,"Memphis","Washington"
"401307310",2021,2,"Dallas","San Antonio"
"401307311",2021,2,"Charlotte","Detroit"
"401307312",2021,2,"Brooklyn","Boston"
"401307353",2021,2,"Toronto","Atlanta"
"401307354",2021,2,"Miami","Orlando"
"401307355",2021,2,"Chicago","Philadelphia"
"401307356",2021,2,"Milwaukee","New York"
"401307357",2021,2,"New Orleans","Minnesota"
"401307358",2021,2,"Oklahoma City","Dallas"
"401307359",2021,2,"LA","Golden State"
"401307360",2021,2,"Portland","Phoenix"
"401307361",2021,2,"Sacramento","Houston"
"401307362",2021,2,"Washington","Philadelphia"
"401307363",2021,2,"Memphis","Denver"
"401307364",2021,2,"New Orleans","Cleveland"
"401307365",2021,2,"Chicago","Miami"
"401307366",2021,2,"San Antonio","Orlando"
"401307367",2021,2,"Utah","Houston"
"401307368",2021,2,"Los Angeles","Indiana"
"401307369",2021,2,"Oklahoma City","New York"
"401307370",2021,2,"Brooklyn","Detroit"
"401307371",2021,2,"Charlotte","Toronto"
"401307372",2021,2,"Washington","Milwaukee"
"401307373",2021,2,"Atlanta","Sacramento"
"401307374",2021,2,"Minnesota","Portland"
"401307375",2021,2,"Denver","Dallas"
"401307376",2021,2,"Phoenix","Indiana"
"401307377",2021,2,"Oklahoma City","Memphis"
"401307378",2021,2,"Golden State","Utah"
"401307379",2021,2,"Philadelphia","San Antonio"
"401307380",2021,2,"Orlando","Miami"
"401307381",2021,2,"Atlanta","Cleveland"
"401307382",2021,2,"Houston","Boston"
"401307383",2021,2,"Minnesota","Portland"
"401307384",2021,2,"Chicago","Toronto"
"401307385",2021,2,"New Orleans","LA"
"401307386",2021,2,"Charlotte","Sacramento"
"401307387",2021,2,"Washington","Milwaukee"
"401307388",2021,2,"Brooklyn","New York"
"401307389",2021,2,"Detroit","San Antonio"
"401307390",2021,2,"Dallas","LA"
"401307391",2021,2,"Denver","Indiana"
"401307392",2021,2,"Phoenix","Memphis"
"401307393",2021,2,"Golden State","Los Angeles"
"401307394",2021,2,"Boston","Utah"
"401307395",2021,2,"Miami","Cleveland"
"401307396",2021,2,"Philadelphia","New York"
"401307397",2021,2,"Chicago","Oklahoma City"
"401307398",2021,2,"Houston","Atlanta"
"401307399",2021,2,"Portland","New Orleans"
"401307400",2021,2,"Los Angeles","Minnesota"
"401307401",2021,2,"Detroit","Toronto"
"401307402",2021,2,"Indiana","Brooklyn"
"401307403",2021,2,"Philadelphia","Milwaukee"
"401307404",2021,2,"Washington","Sacramento"
"401307405",2021,2,"Cleveland","Boston"
"401307406",2021,2,"Chicago","San Antonio"
"401307407",2021,2,"Houston","Golden State"
"401307408",2021,2,"Memphis","Miami"
"401307409",2021,2,"Denver","Charlotte"
"401307410",2021,2,"Dallas","LA"
"401307411",2021,2,"Washington","Utah"
"401307412",2021,2,"Atlanta","Oklahoma City"
"401307413",2021,2,"New York","Orlando"
"401307414",2021,2,"Phoenix","Minnesota"
"401307415",2021,2,"Portland","New Orleans"
"401307416",2021,2,"Los Angeles","Charlotte"
"401307417",2021,2,"Boston","Sacramento"
"401307418",2021,2,"Cleveland","San Antonio"
"401307419",2021,2,"Miami","Indiana"
"401307420",2021,2,"Orlando","Brooklyn"
"401307421",2021,2,"Toronto","Utah"
"401307422",2021,2,"Houston","Detroit"
"401307423",2021,2,"Memphis","Golden State"
"401307424",2021,2,"Denver","Chicago"
"401307425",2021,2,"Phoenix","Minnesota"
"401307426",2021,2,"Portland","Dallas"
"401307427",2021,2,"Los Angeles","Atlanta"
"401307428",2021,2,"Philadelphia","Sacramento"
"401307429",2021,2,"Memphis","Golden State"
"401307430",2021,2,"Milwaukee","San Antonio"
"401307431",2021,2,"LA","Charlotte"
"401307432",2021,2,"Miami","Indiana"
"401307433",2021,2,"Houston","Oklahoma City"
"401307434",2021,2,"Denver","New Orleans"
"401307435",2021,2,"Boston","Orlando"
"401307436",2021,2,"Brooklyn","Washington"
"401307437",2021,2,"Cleveland","Toronto"
"401307438",2021,2,"Detroit","Chicago"
"401307439",2021,2,"New York","Philadelphia"
"401307440",2021,2,"Phoenix","Los Angeles"
"401307441",2021,2,"Portland","Dallas"
"401307442",2021,2,"Cleveland","Sacramento"
"401307443",2021,2,"Minnesota","Oklahoma City"
"401307444",2021,2,"San Antonio","Charlotte"
"401307445",2021,2,"Chicago","Utah"
"401307446",2021,2,"Houston","Toronto"
"401307447",2021,2,"Memphis","Boston"
"401307448",2021,2,"Milwaukee","Indiana"
"401307449",2021,2,"LA","Atlanta"
"401307450",2021,2,"Orlando","Denver"
"401307451",2021,2,"New York","Washington"
"401307452",2021,2,"New Orleans","Los Angeles"
"401307453",2021,2,"Miami","Phoenix"
"401307454",2021,2,"Golden State","Philadelphia"
"401307455",2021,2,"Portland","Brooklyn"
"401307456",2021,2,"Indiana","Detroit"
"401307457",2021,2,"Milwaukee","Boston"
"401307458",2021,2,"Orlando","Phoenix"
"401307459",2021,2,"Toronto","Denver"
"401307460",2021,2,"Chicago","Cleveland"
"401307461",2021,2,"Houston","Charlotte"
"401307462",2021,2,"Minnesota","Dallas"
"401307463",2021,2,"Oklahoma City","Memphis"
"401307464",2021,2,"San Antonio","LA"
"401307465",2021,2,"Utah","Brooklyn"
"401307466",2021,2,"Sacramento","Atlanta"
"401307467",2021,2,"Miami","Portland"
"401307468",2021,2,"New York","Washington"
"401307469",2021,2,"San Antonio","LA"
"401307470",2021,2,"Los Angeles","Philadelphia"
"401307471",2021,2,"Sacramento","Golden State"
"401307472",2021,2,"Detroit","Brooklyn"
"401307473",2021,2,"Toronto","Phoenix"
"401307474",2021,2,"Milwaukee","Boston"
"401307475",2021,2,"Charlotte","Miami"
"401307476",2021,2,"Orlando","Portland"
"401307477",2021,2,"Minnesota","Houston"
"401307478",2021,2,"New Orleans","Denver"
"401307479",2021,2,"Dallas","Indiana"
"401307480",2021,2,"Utah","Memphis"
"401307481",2021,2,"Golden State","Atlanta"
"401307482",2021,2,"Los Angeles","Cleveland"
"401307483",2021,2,"Washington","Detroit"
"401307484",2021,2,"Milwaukee","New York"
"401307485",2021,2,"Minnesota","Houston"
"401307486",2021,2,"San Antonio","Chicago"
"401307487",2021,2,"New Orleans","Dallas"
"401307488",2021,2,"Oklahoma City","Boston"
"401307489",2021,2,"Utah","Memphis"
"401307490",2021,2,"LA","Philadelphia"
"401307491",2021,2,"Sacramento","Cleveland"
"401307492",2021,2,"Charlotte","Phoenix"
"401307493",2021,2,"Toronto","Portland"
"401307494",2021,2,"Denver","Atlanta"
"401307495",2021,2,"Los Angeles","Orlando"
"401307496",2021,2,"Washington","Indiana"
"401307497",2021,2,"Boston","New Orleans"
"401307498",2021,2,"Brooklyn","Minnesota"
"401307499",2021,2,"New York","Miami"
"401307500",2021,2,"Detroit","Toronto"
"401307501",2021,2,"Houston","Memphis"
"401307502",2021,2,"Oklahoma City","Dallas"
"401307503",2021,2,"San Antonio","Sacramento"
"401307504",2021,2,"Utah","Cleveland"
"401307505",2021,2,"Golden State","Chicago"
"401307506",2021,2,"LA","Milwaukee"
"401307507",2021,2,"Washington","Charlotte"
"401307508",2021,2,"Denver","Philadelphia"
"401307509",2021,2,"LA","Orlando"
"401307510",2021,2,"Phoenix","Atlanta"
"401307511",2021,2,"Detroit","Portland"
"401307512",2021,2,"Indiana","Miami"
"401307513",2021,2,"Boston","Dallas"
"401307514",2021,2,"Brooklyn","Houston"
"401307515",2021,2,"Memphis","Utah"
"401307516",2021,2,"Minnesota","New York"
"401307517",2021,2,"Oklahoma City","Toronto"
"401307518",2021,2,"San Antonio","Sacramento"
"401307519",2021,2,"Los Angeles","Milwaukee"
"401307520",2021,2,"Phoenix","Chicago"
"401307521",2021,2,"Cleveland","Philadelphia"
"401307522",2021,2,"Detroit","Washington"
"401307523",2021,2,"Brooklyn","Charlotte"
"401307524",2021,2,"Miami","Golden State"
"401307525",2021,2,"New Orleans","Orlando"
"401307526",2021,2,"San Antonio","Atlanta"
"401307527",2021,2,"LA","Denver"
"401307528",2021,2,"Boston","Houston"
"401307529",2021,2,"New York","Dallas"
"401307530",2021,2,"Indiana","Charlotte"
"401307531",2021,2,"Toronto","Golden State"
"401307532",2021,2,"Memphis","Minnesota"
"401307533",2021,2,"New Orleans","Atlanta"
"401307534",2021,2,"Utah","Chicago"
"401307535",2021,2,"Phoenix","Oklahoma City"
"401307536",2021,2,"Portland","Milwaukee"
"401307537",2021,2,"Sacramento","Los Angeles"
"401307538",2021,2,"Washington","Dallas"
"401307539",2021,2,"Detroit","New York"
"401307540",2021,2,"Miami","Cleveland"
"401307541",2021,2,"Philadelphia","Minnesota"
"401307542",2021,2,"San Antonio","Indiana"
"401307543",2021,2,"Utah","Orlando"
"401307544",2021,2,"Portland","Oklahoma City"
"401307545",2021,2,"Sacramento","Milwaukee"
"401307546",2021,2,"Chicago","Brooklyn"
"401307547",2021,2,"Boston","Charlotte"
"401307548",2021,2,"LA","Los Angeles"
"401307549",2021,2,"Philadelphia","Memphis"
"401307550",2021,2,"Atlanta","Golden State"
"401307551",2021,2,"Houston","New Orleans"
"401307552",2021,2,"Denver","Orlando"
"401307553",2021,2,"Toronto","Washington"
"401307554",2021,2,"Brooklyn","New York"
"401307555",2021,2,"Dallas","Utah"
"401307556",2021,2,"Houston","Phoenix"
"401307557",2021,2,"Minnesota","Sacramento"
"401307558",2021,2,"Oklahoma City","Detroit"
"401307559",2021,2,"San Antonio","Cleveland"
"401307560",2021,2,"Indiana","Chicago"
"401307561",2021,2,"Atlanta","New Orleans"
"401307562",2021,2,"Boston","Philadelphia"
"401307563",2021,2,"Toronto","Los Angeles"
"401307564",2021,2,"Miami","Memphis"
"401307565",2021,2,"Denver","Detroit"
"401307566",2021,2,"Golden State","Milwaukee"
"401307567",2021,2,"LA","Portland"
"401307568",2021,2,"Indiana","Minnesota"
"401307569",2021,2,"Orlando","Washington"
"401307570",2021,2,"Boston","New York"
"401307571",2021,2,"Brooklyn","New Orleans"
"401307572",2021,2,"Atlanta","Memphis"
"401307573",2021,2,"Houston","Dallas"
"401307574",2021,2,"Oklahoma City","Charlotte"
"401307575",2021,2,"Denver","San Antonio"
"401307576",2021,2,"Phoenix","Utah"
"401307577",2021,2,"Miami","Los Angeles"
"401307578",2021,2,"Oklahoma City","Cleveland"
"401307579",2021,2,"Dallas","Milwaukee"
"401307580",2021,2,"Utah","Portland"
"401307581",2021,2,"LA","Phoenix"
"401307582",2021,2,"Sacramento","Detroit"
"401307583",2021,2,"Orlando","Indiana"
"401307584",2021,2,"Atlanta","Chicago"
"401307585",2021,2,"Boston","Minnesota"
"401307586",2021,2,"New York","Memphis"
"401307587",2021,2,"Cleveland","Toronto"
"401307588",2021,2,"New Orleans","Philadelphia"
"401307589",2021,2,"Milwaukee","Charlotte"
"401307590",2021,2,"Denver","San Antonio"
"401307591",2021,2,"Golden State","Washington"
"401307592",2021,2,"LA","Houston"
"401307593",2021,2,"Brooklyn","Los Angeles"
"401307594",2021,2,"Oklahoma City","Philadelphia"
"401307595",2021,2,"Utah","Sacramento"
"401307596",2021,2,"Golden State","Houston"
"401307597",2021,2,"Phoenix","Washington"
"401307598",2021,2,"Portland","Detroit"
"401307599",2021,2,"Charlotte","Atlanta"
"401307600",2021,2,"Denver","Boston"
"401307601",2021,2,"Cleveland","New Orleans"
"401307602",2021,2,"Orlando","Milwaukee"
"401307603",2021,2,"New York","Toronto"
"401307604",2021,2,"Dallas","San Antonio"
"401307605",2021,2,"Memphis","Indiana"
"401307606",2021,2,"Minnesota","Chicago"
"401307607",2021,2,"LA","Detroit"
"401307608",2021,2,"Portland","Miami"
"401307609",2021,2,"New York","Los Angeles"
"401307610",2021,2,"Orlando","San Antonio"
"401307612",2021,2,"Dallas","Philadelphia"
"401307613",2021,2,"Memphis","Chicago"
"401307614",2021,2,"New Orleans","Sacramento"
"401307615",2021,2,"Utah","Washington"
"401307616",2021,2,"Golden State","Denver"
"401307617",2021,2,"Phoenix","Houston"
"401307618",2021,2,"Indiana","LA"
"401307619",2021,2,"Toronto","Atlanta"
"401307620",2021,2,"Charlotte","Los Angeles"
"401307621",2021,2,"Utah","Oklahoma City"
"401307622",2021,2,"Phoenix","Miami"
"401307623",2021,2,"Portland","Boston"
"401307624",2021,2,"Charlotte","Cleveland"
"401307625",2021,2,"Philadelphia","Brooklyn"
"401307626",2021,2,"Toronto","San Antonio"
"401307627",2021,2,"Detroit","LA"
"401307628",2021,2,"Chicago","Orlando"
"401307629",2021,2,"Minnesota","Milwaukee"
"401307630",2021,2,"New Orleans","New York"
"401307631",2021,2,"Houston","Indiana"
"401307632",2021,2,"Oklahoma City","Golden State"
"401307633",2021,2,"Memphis","Dallas"
"401307634",2021,2,"Denver","Miami"
"401307635",2021,2,"Sacramento","Washington"
"401307636",2021,2,"Atlanta","Milwaukee"
"401307637",2021,2,"Cleveland","Golden State"
"401307638",2021,2,"Los Angeles","Boston"
"401307639",2021,2,"Phoenix","Sacramento"
"401307640",2021,2,"Utah","Indiana"
"401307641",2021,2,"Detroit","Oklahoma City"
"401307642",2021,2,"Philadelphia","LA"
"401307643",2021,2,"Washington","New Orleans"
"401307644",2021,2,"Brooklyn","Charlotte"
"401307645",2021,2,"Toronto","Orlando"
"401307646",2021,2,"Chicago","Memphis"
"401307647",2021,2,"Houston","Denver"
"401307648",2021,2,"Minnesota","Miami"
"401307649",2021,2,"San Antonio","Portland"
"401307650",2021,2,"Dallas","New York"
"401307651",2021,2,"Los Angeles","Utah"
"401307652",2021,2,"Washington","Detroit"
"401307653",2021,2,"Chicago","Cleveland"
"401307654",2021,2,"Boston","Golden State"
"401307655",2021,2,"Milwaukee","Memphis"
"401307656",2021,2,"Phoenix","San Antonio"
"401307657",2021,2,"Atlanta","Indiana"
"401307658",2021,2,"New York","New Orleans"
"401307659",2021,2,"Miami","Brooklyn"
"401307660",2021,2,"Charlotte","Portland"
"401307661",2021,2,"Orlando","Houston"
"401307662",2021,2,"Toronto","Oklahoma City"
"401307663",2021,2,"Dallas","Sacramento"
"401307664",2021,2,"LA","Minnesota"
"401307665",2021,2,"Detroit","Cleveland"
"401307666",2021,2,"Boston","Chicago"
"401307667",2021,2,"Philadelphia","Golden State"
"401307668",2021,2,"Indiana","San Antonio"
"401307669",2021,2,"Miami","Houston"
"401307670",2021,2,"Washington","Oklahoma City"
"401307671",2021,2,"Milwaukee","Phoenix"
"401307672",2021,2,"Denver","Memphis"
"401307673",2021,2,"Los Angeles","Utah"
"401307674",2021,2,"Atlanta","Orlando"
"401307675",2021,2,"New York","Charlotte"
"401307676",2021,2,"New Orleans","Brooklyn"
"401307677",2021,2,"Portland","LA"
"401307678",2021,2,"Sacramento","Minnesota"
"401307679",2021,2,"Cleveland","Chicago"
"401307680",2021,2,"Indiana","Oklahoma City"
"401307681",2021,2,"Philadelphia","Phoenix"
"401307682",2021,2,"Washington","Golden State"
"401307683",2021,2,"New York","Atlanta"
"401307684",2021,2,"Toronto","Brooklyn"
"401307685",2021,2,"Houston","Utah"
"401307686",2021,2,"Dallas","Detroit"
"401307687",2021,2,"San Antonio","Miami"
"401307688",2021,2,"LA","Memphis"
"401307689",2021,2,"Portland","Denver"
"401307690",2021,2,"Sacramento","Minnesota"
"401307691",2021,2,"Boston","Phoenix"
"401307692",2021,2,"Orlando","New Orleans"
"401307693",2021,2,"Milwaukee","Philadelphia"
"401307694",2021,2,"San Antonio","Detroit"
"401307695",2021,2,"Chicago","Charlotte"
"401307696",2021,2,"Dallas","Los Angeles"
"401307697",2021,2,"Atlanta","Miami"
"401307698",2021,2,"Brooklyn","Boston"
"401307699",2021,2,"Charlotte","Cleveland"
"401307700",2021,2,"Houston","LA"
"401307701",2021,2,"Oklahoma City","Washington"
"401307702",2021,2,"Golden State","Denver"
"401307703",2021,2,"Portland","Memphis"
"401307704",2021,2,"New York","Toronto"
"401307705",2021,2,"Milwaukee","Philadelphia"
"401307706",2021,2,"Indiana","Detroit"
"401307707",2021,2,"Miami","Chicago"
"401307708",2021,2,"New Orleans","San Antonio"
"401307709",2021,2,"Dallas","Los Angeles"
"401307710",2021,2,"Utah","Minnesota"
"401307711",2021,2,"Denver","Houston"
"401307712",2021,2,"Charlotte","Boston"
"401307713",2021,2,"Brooklyn","Phoenix"
"401307714",2021,2,"Portland","Memphis"
"401307715",2021,2,"Washington","Cleveland"
"401307716",2021,2,"Atlanta","Milwaukee"
"401307717",2021,2,"Orlando","Indiana"
"401307718",2021,2,"Golden State","Sacramento"
"401307719",2021,2,"Detroit","Atlanta"
"401307720",2021,2,"Orlando","Los Angeles"
"401307721",2021,2,"Philadelphia","Oklahoma City"
"401307722",2021,2,"Washington","San Antonio"
"401307723",2021,2,"New York","Phoenix"
"401307724",2021,2,"Miami","Chicago"
"401307725",2021,2,"Toronto","Cleveland"
"401307726",2021,2,"Minnesota","Utah"
"401307727",2021,2,"New Orleans","LA"
"401307728",2021,2,"Denver","Memphis"
"401307729",2021,2,"Sacramento","Dallas"
"401307730",2021,2,"Boston","Oklahoma City"
"401307731",2021,2,"Charlotte","Milwaukee"
"401307732",2021,2,"Indiana","Portland"
"401307733",2021,2,"Toronto","Brooklyn"
"401307734",2021,2,"Houston","Minnesota"
"401307735",2021,2,"Golden State","Dallas"
"401307736",2021,2,"Cleveland","Orlando"
"401307737",2021,2,"Philadelphia","Atlanta"
"401307738",2021,2,"Washington","Los Angeles"
"401307739",2021,2,"Boston","Charlotte"
"401307740",2021,2,"New York","Chicago"
"401307741",2021,2,"Miami","San Antonio"
"401307742",2021,2,"Memphis","Portland"
"401307743",2021,2,"Denver","New Orleans"
"401307744",2021,2,"Phoenix","LA"
"401307745",2021,2,"Sacramento","Utah"
"401307746",2021,2,"Detroit","Dallas"
"401307747",2021,2,"Indiana","Brooklyn"
"401307748",2021,2,"Houston","Milwaukee"
"401307749",2021,2,"Minnesota","Golden State"
"401307750",2021,2,"Oklahoma City","New Orleans"
"401307751",2021,2,"Denver","Toronto"
"401307752",2021,2,"Philadelphia","Atlanta"
"401307753",2021,2,"Boston","San Antonio"
"401307754",2021,2,"Cleveland","Washington"
"401307755",2021,2,"Brooklyn","Portland"
"401307756",2021,2,"Memphis","Orlando"
"401307757",2021,2,"Chicago","Milwaukee"
"401307758",2021,2,"Phoenix","Utah"
"401307759",2021,2,"Los Angeles","Sacramento"
"401307760",2021,2,"Charlotte","Detroit"
"401307761",2021,2,"Houston","Golden State"
"401307762",2021,2,"Atlanta","Chicago"
"401307763",2021,2,"Cleveland","Miami"
"401307764",2021,2,"Orlando","Memphis"
"401307765",2021,2,"Minnesota","New Orleans"
"401307766",2021,2,"Oklahoma City","Indiana"
"401307767",2021,2,"Dallas","Washington"
"401307768",2021,2,"Utah","Toronto"
"401307769",2021,2,"LA","Denver"
"401307770",2021,2,"Milwaukee","Brooklyn"
"401307771",2021,2,"Boston","Portland"
"401307772",2021,2,"Charlotte","Miami"
"401307773",2021,2,"Dallas","Sacramento"
"401307774",2021,2,"Houston","New York"
"401307775",2021,2,"Oklahoma City","Phoenix"
"401307776",2021,2,"San Antonio","Philadelphia"
"401307777",2021,2,"Los Angeles","Toronto"
"401307778",2021,2,"Detroit","Orlando"
"401307779",2021,2,"Washington","Indiana"
"401307780",2021,2,"New Orleans","Golden State"
"401307781",2021,2,"Atlanta","Portland"
"401307782",2021,2,"Chicago","Philadelphia"
"401307783",2021,2,"Memphis","New York"
"401307784",2021,2,"Utah","San Antonio"
"401307785",2021,2,"Los Angeles","Denver"
"401307786",2021,2,"Cleveland","Phoenix"
"401307787",2021,2,"Detroit","Charlotte"
"401307788",2021,2,"Milwaukee","Brooklyn"
"401307789",2021,2,"Miami","Dallas"
"401307790",2021,2,"New Orleans","Golden State"
"401307791",2021,2,"Oklahoma City","Sacramento"
"401307792",2021,2,"LA","Toronto"
"401307793",2021,2,"Cleveland","Portland"
"401307794",2021,2,"Orlando","Boston"
"401307795",2021,2,"Atlanta","Phoenix"
"401307796",2021,2,"Indiana","Sacramento"
"401307797",2021,2,"Houston","Philadelphia"
"401307798",2021,2,"Milwaukee","Washington"
"401307799",2021,2,"Minnesota","Memphis"
"401307800",2021,2,"Denver","New York"
"401307801",2021,2,"Utah","San Antonio"
"401307802",2021,2,"Charlotte","Chicago"
"401307803",2021,2,"Dallas","Brooklyn"
"401307804",2021,2,"Detroit","Memphis"
"401307805",2021,2,"Indiana","Atlanta"
"401307806",2021,2,"Toronto","Washington"
"401307807",2021,2,"Golden State","Oklahoma City"
"401307808",2021,2,"LA","Los Angeles"
"401307809",2021,2,"Philadelphia","New Orleans"
"401307810",2021,2,"Chicago","Boston"
"401307811",2021,2,"Charlotte","Orlando"
"401307812",2021,2,"Miami","Minnesota"
"401307813",2021,2,"Milwaukee","Houston"
"401307814",2021,2,"Dallas","Cleveland"
"401307815",2021,2,"Utah","Denver"
"401307816",2021,2,"Phoenix","New York"
"401307817",2021,2,"Portland","Los Angeles"
"401307818",2021,2,"Sacramento","San Antonio"
"401307819",2021,2,"Toronto","Memphis"
"401307820",2021,2,"Indiana","Washington"
"401307821",2021,2,"Philadelphia","Detroit"
"401307822",2021,2,"Denver","Brooklyn"
"401307823",2021,2,"Utah","Houston"
"401307824",2021,2,"Golden State","Oklahoma City"
"401307825",2021,2,"Portland","San Antonio"
"401307826",2021,2,"Boston","Miami"
"401307827",2021,2,"LA","New York"
"401307828",2021,2,"Charlotte","New Orleans"
"401307829",2021,2,"Cleveland","Dallas"
"401307830",2021,2,"Orlando","Minnesota"
"401307831",2021,2,"Detroit","Chicago"
"401307832",2021,2,"Los Angeles","Phoenix"
"401307833",2021,2,"Sacramento","Oklahoma City"
"401309754",2021,2,"Toronto","Detroit"
"401313155",2021,2,"Toronto","Chicago"
"401320524",2021,2,"Minnesota","Brooklyn"
